{"takeoff_lat": -35.3628935, "takeoff_lon": 149.1590595, "target_lat": -35.3600149, "target_lon": 149.1647029}